{"394": {"name": "demo_site", "id": 394, "plans": {"454": {"id": 454, "name": "demo_site.structure.layer1", "url": "demo_site.structure.layer1.json", "plan_filename": "demo_site.structure.layer1.json", "site_id": 394, "site_name": "demo_site", "files": ["wall5.jpg", "wall4.jpg", "wall3.jpg", "general_metadata.json", "wall2.jpg", "demo_site.structure.layer1.json", "demo_site.structure.layer1_ground_1.jpg"]}, "453": {"id": 453, "name": "demo_site.structure.layer0", "url": "demo_site.structure.layer0.json", "plan_filename": "demo_site.structure.layer0.json", "site_id": 394, "site_name": "demo_site", "files": ["demo_site.structure.layer0.json", "demo_site.structure.layer0_ground_1.jpg", "foundation1.jpg", "foundation2.jpg", "drain_tile.jpg", "properyEastFence1.jpg", "demolition_site_overview.jpg", "20201030_111600.jpg", "wall1.jpg", "cladding1.jpg", "general_metadata.json"]}}}}