{"406": {"generalInfo": {"softwareVersion": "1.1.0"}, "name": "demo_site", "id": 406, "plans": {"561": {"generalInfo": {"softwareVersion": "1.1.0"}, "id": 561, "name": "demo_site.structure.layer0", "url": "demo_site.structure.layer0.json", "plan_filename": "demo_site.structure.layer0.json", "site_id": 406, "site_name": "demo_site", "files": ["demo_site.structure.layer0_ground_1.jpg", "wall1.jpg", "wall3.jpg", "demo_site.structure.layer0.json", "wall2.jpg", "wall4.jpg"]}, "562": {"generalInfo": {"softwareVersion": "1.1.0"}, "id": 562, "name": "demo_site.structure.layer1", "url": "demo_site.structure.layer1.json", "plan_filename": "demo_site.structure.layer1.json", "site_id": 406, "site_name": "demo_site", "files": ["demo_site.structure.layer1_ground_1.jpg", "20201030_111600.jpg", "foundation1.jpg", "wall5.jpg", "foundation2.jpg", "demo_site.structure.layer1.json"]}}}}