{"274": {"name": "geographic_map", "id": 274, "plans": {"335": {"id": 335, "name": "geographic_map.structure.layer0", "url": "geographic_map.structure.layer0.json", "plan_filename": "geographic_map.structure.layer0.json", "site_id": 274, "site_name": "geographic_map", "files": ["image7.jpg", "image8.jpg", "image10.jpg", "geographic_map.structure.layer0_ground_1.jpg", "image9.jpg", "general_metadata.json", "geographic_map.structure.layer0.json"]}, "336": {"id": 336, "name": "geographic_map.structure.layer1", "url": "geographic_map.structure.layer1.json", "plan_filename": "geographic_map.structure.layer1.json", "site_id": 274, "site_name": "geographic_map", "files": ["image4.jpg", "geographic_map.structure.layer1_ground_1.jpg", "geographic_map.structure.layer1.json", "general_metadata.json", "image5.jpg", "image6.jpg", "image2.jpg", "image1.jpg", "image3.jpg"]}}}}